data1;tiempo1;tiempo2;data2;casos_con_sintomas;casos_sin_sintomas;uci;pcr;casos_activos;fallecidos;fim_cuarentena;region;poblacion_region;codigo_region;segunda_cuarentena;id;comuna;codigo_comuna_c;ingreso_per_capita;escolaridad;pobreza;alcantarillado;indice_desarrollo_humano;porcentaje_rural;porcentaje_sector_primario;poblacion;capital_regional;capital_provincial;aeropuerto;puerto;poblacion_edad_15_a_64;poblacion_edad_0_a_4;poblacion_edad_5_a_9;poblacion_edad_10_a_14;poblacion_edad_15_a_19;poblacion_edad_20_a_24;poblacion_edad_25_a_29;poblacion_edad_30_a_34;poblacion_edad_35_a_39;poblacion_edad_40_a_44;poblacion_edad_45_a_49;poblacion_edad_50_a_54;poblacion_edad_55_a_59;poblacion_edad_60_a_64;poblacion_edad_65_a_69;poblacion_edad_70_a_74;poblacion_edad_75_a_79;poblacion_edad_80_y_mas;idse;densidad_poblacional;hacinamiento;inmigrantes;ips;indice_ruralidad
02-10-2020;140;141;03-10-2020;17;9;8;803;96;57;1;Tarapaca;382773;1;0;1;Alto Hospicio;1107;166.3;10.1;20.9;98.4;0.555;0.022985006;0.040879719;129999;0;0;0;0;72866;8341;10637;9549;9603;9907;10004;8604;7795;6976;6453;6019;4493;3220;2003;1274;653;598;577;227.59;3.27;12129;NA;35.67
19-12-2020;28;30;21-12-2020;94;84;30;4239;61;9;1;Los Lagos;891440;10;0;2;Ancud;10202;194.9;9.4;10.8;75.4;0.546;0.275089123;0.156145399;42458;0;0;0;0;25933;1824;2670;2783;2719;2216;2770;2570;2572;2764;2828;2994;2512;2059;1602;1375;1023;1047;593;24.21;2.3;207;NA;49.79
14-05-2020;14;15;15-05-2020;27;8;17;466;12;NA;1;La Araucania;1014343;9;0;3;Angol;9201;159.2;9.5;26.7;90.6;0.472;0.081690511;0.131285295;56058;0;1;0;0;34843;3001;3898;3719;3626;3392;4084;3733;3504;3541;3548;3614;3287;2741;2089;1697;1326;1498;539;46.82;2.74;141;NA;42.14
24-12-2020;14;15;25-12-2020;118;64;37;1511;78;31;0;La Araucania;1014343;9;1;4;Angol_2;9201;159.2;9.5;26.7;90.6;0.472;0.081690511;0.131285295;56058;0;1;0;0;34843;3001;3898;3719;3626;3392;4084;3733;3504;3541;3548;3614;3287;2741;2089;1697;1326;1498;539;46.82;2.74;141;NA;42.14
26-05-2020;21;24;29-05-2020;66;10;50;233;239;NA;1;Antofagasta;691854;2;0;5;Antofagasta;2101;256.5;11;7.1;99;0.627;0.021468858;0.097157491;425725;1;0;1;1;255964;20067;26604;24419;27230;33083;34132;29632;27643;26827;23376;21378;18923;14854;10224;7291;4968;5301;714;13.87;3.22;36000;NA;38.59
22-09-2020;91;97;28-09-2020;36;22;40;1697;331;213;1;Antofagasta;691854;2;1;6;Antofagasta_2;2101;256.5;11;7.1;99;0.627;0.021468858;0.097157491;425725;1;0;1;1;255964;20067;26604;24419;27230;33083;34132;29632;27643;26827;23376;21378;18923;14854;10224;7291;4968;5301;714;13.87;3.22;36000;NA;38.59
24-12-2020;14;15;25-12-2020;342;87;116;6711;103;21;0;Biobio;1663696;8;0;7;Arauco;8202;133.7;9.4;20.3;85.4;0.51;0.246490333;0.137979884;38679;0;0;0;0;24171;1962;2684;2628;2634;2367;2839;2525;2468;2517;2626;2578;2163;1784;1323;1007;742;810;520;40.31;2.74;25;NA;47.96
14-05-2020;28;29;15-05-2020;5;0;7;124;49;NA;1;Arica y Parinacota;252110;15;0;8;Arica;15101;228.7;10.9;15.7;91.2;0.601;0.073566614;0.085009084;247552;1;0;1;1;148234;12572;17044;15726;17176;18043;18174;16498;15050;14750;13820;13323;11657;10173;8080;6535;4260;4470;643;51.58;3.05;15967;NA;39.69
03-11-2020;112;118;09-11-2020;19;14;12;720;252;197;1;Arica y Parinacota;252110;15;1;9;Arica_2;15101;228.7;10.9;15.7;91.2;0.601;0.073566614;0.085009084;247552;1;0;1;1;148234;12572;17044;15726;17176;18043;18174;16498;15050;14750;13820;13323;11657;10173;8080;6535;4260;4470;643;51.58;3.05;15967;NA;39.69
25-09-2020;133;136;28-09-2020;301;122;418;12989;92;99;1;Metropolitana;8125072;13;0;10;Buin;13402;195.1;10;12.1;94.5;0.581;0.141832447;0.12746545;109641;0;0;0;0;66360;5832;7451;6878;7064;7351;8365;7811;7358;6757;6413;6120;5356;3894;2895;2225;1460;1623;639;505.19;3.1;1478;75.77;43.26
24-12-2020;14;15;25-12-2020;74;23;10;819;16;0;0;Magallanes;178362;12;0;11;Cabo de Hornos;12201;287.7;11.7;3.8;99;0.559;0.091614154;0.105055292;1983;0;1;0;0;1412;123;190;161;87;146;221;252;210;186;126;110;90;53;33;18;6;7;781;0.13;2.71;0;NA;41.31
18-09-2020;98;101;21-09-2020;22;15;39;1743;101;237;1;Antofagasta;691854;2;0;12;Calama;2201;269.3;10.9;8.5;98.9;0.625;0.043709384;0.127283007;190336;0;1;1;0;116291;9826;12583;11909;11896;12604;15258;14404;13728;12820;11052;10606;8788;6545;4266;3006;1734;1813;717;12.25;2.89;18097;NA;40.74
19-12-2020;49;53;23-12-2020;106;74;31;3710;55;11;1;Los Lagos;891440;10;0;13;Calbuco;10102;153.3;7.9;12;49.3;0.495;0.52932176;0.200691792;36744;0;0;0;0;22292;1706;2487;2623;2290;2372;2563;2210;2072;2339;2622;2448;1947;1537;1320;1116;822;966;474;62.56;2.5;114;NA;60.3
28-09-2020;63;68;03-10-2020;88;28;90;2863;42;53;1;Valparaiso;1960170;5;0;14;Calera;5502;141.1;9.6;20.9;96.2;0.509;0.037306642;0.109017035;53591;0;0;0;0;33504;2570;3680;3462;3817;3754;3841;3469;3076;3219;3041;3454;3144;2730;2069;1705;1290;1325;575;893.63;2.79;753;NA;38.32
28-08-2020;63;66;31-08-2020;320;205;524;12168;24;10;1;Metropolitana;8125072;13;0;15;Calera de Tango;13403;246;9.6;6.2;93.7;0.626;0.545329238;0.090227443;28525;0;0;0;0;17442;1312;1815;1854;1951;2151;2048;1573;1629;1856;1763;1872;1636;1209;871;631;380;457;669;389.58;3.34;439;64.34;55.14
19-12-2020;63;69;25-12-2020;298;76;110;5439;116;18;0;Biobio;1663696;8;0;16;Canete;8203;107.4;8.3;27.2;71.4;0.398;0.435561861;0.139762139;37003;0;0;0;0;22177;2067;2749;2736;2407;2181;2507;2343;2398;2378;2296;2196;1984;1664;1375;1046;729;847;405;33.99;2.69;86;NA;54.36
14-11-2020;42;44;16-11-2020;64;39;49;1808;12;6;1;La Araucania;1014343;9;0;17;Carahue;9102;105;8.1;30.5;46;0.353;0.459788856;0.248143147;25486;0;0;0;0;15312;1420;1821;1874;1801;1456;1663;1497;1468;1516;1633;1629;1507;1331;1085;918;728;759;342;19.06;2.56;16;NA;60.27
25-08-2020;112;118;31-08-2020;294;178;541;10690;42;86;1;Metropolitana;8125072;13;0;18;Cerrillos;13102;209;10.3;9.5;97.3;0.609;0;0.007406236;88956;0;0;0;0;53650;4441;5492;5204;5861;7171;6456;5694;5398;5627;5275;5396;4510;3602;2963;2550;1862;1958;677;5288.7;3.29;3620;64.36;25.56
25-09-2020;140;143;28-09-2020;301;122;418;12989;83;283;1;Metropolitana;8125072;13;0;19;Cerro Navia;13103;141.3;9.1;16.8;95.7;0.482;0;0.005926071;142465;0;0;0;0;89915;7099;8712;8651;9716;11541;11173;8898;8142;8855;9115;9063;7466;6013;5340;4550;3160;2916;562;12892.76;3.49;6022;81.04;13.81
16-10-2020;49;52;19-10-2020;176;59;84;3669;119;25;1;Biobio;1663696;8;0;20;Chiguayante;8103;255.3;11.5;14.9;98;0.674;0.000872722;0.011700404;91180;0;0;0;0;59386;4187;5883;5653;6615;7260;6961;5357;5282;5409;6239;6457;5482;4369;3464;2477;1733;1768;682;1277.03;2.97;412;NA;31.95
20-04-2020;21;24;23-04-2020;8;NA;15;158;35;NA;1;Nuble;511551;16;0;21;Chillan;16101;159.7;10.3;17.8;95.7;0.539;0.087106675;0.054592367;198624;0;0;0;0;125306;9343;12368;12392;13879;14020;14067;12654;12050;12485;13095;12959;11374;9328;7355;5818;4190;4430;625;415.9;2.72;1803;NA;38.16
20-04-2020;21;24;23-04-2020;7;NA;15;126;6;NA;1;Nuble;511551;16;0;22;Chillan Viejo;16103;168.4;10.3;17.3;93.5;0.564;0.113178244;0.070278417;33827;0;0;0;0;20805;1696;2461;2329;2366;2247;2400;2227;2119;2326;2299;2128;1600;1329;1020;777;550;503;629;128.81;2.74;115;NA;40.2
30-09-2020;28;31;03-10-2020;31;11;15;720;51;2;1;Nuble;511551;16;1;23;Chillan Viejo_2;16103;168.4;10.3;17.3;93.5;0.564;0.113178244;0.070278417;33827;0;0;0;0;20805;1696;2461;2329;2366;2247;2400;2227;2119;2326;2299;2128;1600;1329;1020;777;550;503;629;128.81;2.74;115;NA;40.2
30-09-2020;28;31;03-10-2020;31;11;15;914;243;41;1;Nuble;511551;16;1;24;Chillan_2;16101;159.7;10.3;17.8;95.7;0.539;0.087106675;0.054592367;198624;0;0;0;0;125306;9343;12368;12392;13879;14020;14067;12654;12050;12485;13095;12959;11374;9328;7355;5818;4190;4430;625;415.9;2.72;1803;NA;38.16
19-12-2020;35;39;23-12-2020;135;60;37;1566;14;5;1;La Araucania;1014343;9;0;25;Cholchol;9121;103;7.5;28.7;45.4;0.366;0.624838515;0.240010312;12341;0;0;0;0;7279;640;927;938;988;769;735;710;705;707;726;705;689;567;453;418;308;412;311;28.89;2.76;18;NA;65.38
19-12-2020;63;65;21-12-2020;94;84;30;4239;15;4;1;Los Lagos;891440;10;0;26;Chonchi;10203;165.4;8;8.5;53.2;0.481;0.615426033;0.165250379;16013;0;0;0;0;9877;694;973;1079;1265;869;1062;1111;1054;1161;1102;1083;823;695;526;431;346;356;499;11.76;2.22;62;NA;61.58
24-10-2020;21;23;26-10-2020;25;7;15;1019;6;8;1;Nuble;511551;16;0;27;Coihueco;16302;111.5;7.9;29;67.7;0.395;0.661545329;0.328564129;28375;0;0;0;0;17815;1346;1979;1915;2010;1978;1945;1761;1738;1863;2020;1902;1660;1310;994;810;587;589;400;16.02;2.67;55;NA;70.77
24-07-2020;70;74;28-07-2020;605;182;1068;8832;100;101;1;Metropolitana;8125072;13;0;28;Colina;13301;182.9;10.3;10.8;96.9;0.6;0.192801986;0.056955706;180353;0;1;0;0;98912;10366;13638;11537;11144;11064;10976;10806;12596;12402;10413;8480;6383;4841;3427;2373;1410;1319;663;185.77;3.4;9608;64.37;42.15
16-10-2020;49;52;19-10-2020;159;54;83;3661;274;76;1;Biobio;1663696;8;0;29;Concepcion;8101;242.2;11.4;16.8;94.7;0.625;0.020203601;0.012205128;238092;1;0;0;0;158110;9453;11940;11307;17446;25763;21507;16050;13876;13407;13758;14283;13216;11345;8824;7086;5072;6075;675;1081.25;2.61;3332;NA;32.92
25-09-2020;140;143;28-09-2020;301;122;418;12989;74;257;1;Metropolitana;8125072;13;0;30;Conchali;13104;187;10.2;10.1;97.5;0.568;0;0.00704698;139195;0;0;0;0;85791;6424;8072;7548;8557;10503;10820;8817;7888;8133;8275;8972;7941;5988;4801;4250;3533;4275;662;12723.49;3.36;9223;77.06;14.12
28-09-2020;63;68;03-10-2020;24;18;6;758;92;47;1;Atacama;314709;3;0;31;Copiapo;3101;219.4;10.7;14.5;97.6;0.609;0.019326088;0.185235892;171766;1;0;0;0;104175;9456;12440;11111;11611;12691;13404;11584;10668;10064;9988;9738;8505;6604;4690;3394;2474;2652;671;9.66;2.77;4988;NA;42.65
23-09-2020;56;61;28-09-2020;30;18;34;1185;138;62;1;Coquimbo;836096;4;0;32;Coquimbo;4102;183.1;10.4;13;97;0.62;0.057875554;0.086537638;256735;1;0;0;0;151860;13748;17817;15785;16972;18353;18633;16285;15019;15000;14587;14336;12631;10815;8079;6261;4275;4824;657;179.31;2.54;4002;NA;39.05
27-11-2020;77;80;30-11-2020;223;54;97;4470;158;72;1;Biobio;1663696;8;0;33;Coronel;8102;135.7;10.1;22.9;92;0.508;0.027420825;0.045689458;125829;0;0;0;0;78462;6852;9038;8419;8497;8759;9531;8094;7399;7354;7910;8394;7160;5666;3948;2932;2061;2156;547;447.36;2.82;235;NA;35.7
07-08-2020;56;59;10-08-2020;411;225;841;9953;38;17;1;Metropolitana;8125072;13;0;34;Curacavi;13503;167.5;9.6;11.3;90.3;0.581;0.375057552;0.122611357;36430;0;0;0;0;21872;1793;2325;2160;2234;2508;2526;2274;2194;2084;2133;2319;2103;1610;1267;1033;732;732;621;52.49;2.76;577;77.39;51.51
30-10-2020;42;48;05-11-2020;150;40;82;3613;25;11;1;Biobio;1663696;8;0;35;Curanilahue;8205;116.3;9;28.9;87.9;0.414;0.065473241;0.06951958;33892;0;0;0;0;21593;1815;2385;2306;2365;2075;2300;2098;2246;2296;2190;2304;2014;1771;1257;929;632;756;454;33.8;2.86;17;NA;38.72
24-12-2020;21;22;25-12-2020;342;87;116;6711;72;14;0;Biobio;1663696;8;1;36;Curanilahue_2;8205;116.3;9;28.9;87.9;0.414;0.065473241;0.06951958;33892;0;0;0;0;21593;1815;2385;2306;2365;2075;2300;2098;2246;2296;2190;2304;2014;1771;1257;929;632;756;454;33.8;2.86;17;NA;38.72
17-12-2020;14;20;23-12-2020;128;57;37;1504;9;2;1;La Araucania;1014343;9;0;37;Curarrehue;9104;114.8;7.3;21.3;51.3;0.377;0.696087595;0.147375739;7802;0;0;0;0;4543;448;620;555;526;495;549;530;510;481;485;477;377;367;305;225;196;190;384;6.68;2.28;118;NA;63.44
21-08-2020;63;66;24-08-2020;70;28;25;1742;89;64;1;Maule;1131939;7;0;38;Curico;7301;212.6;10;15.2;97.5;0.565;0.111086525;0.161393416;163626;0;1;0;0;101018;8051;10588;10099;10347;10607;12002;10725;10412;10951;9999;10563;9184;7322;5585;4117;2962;3053;639;122.63;2.73;1902;NA;44.42
17-09-2020;154;158;21-09-2020;246;119;428;9537;89;245;1;Metropolitana;8125072;13;0;39;El Bosque;13105;161;9.7;13.6;97.1;0.55;0;0.007085796;172000;0;0;0;0;109501;8523;11785;10559;11777;13303;14114;11133;10021;9812;10132;11023;10091;8212;6348;5352;3737;3854;611;12070.18;3.39;3368;74.63;15.13
28-08-2020;63;66;31-08-2020;320;205;524;12168;13;43;1;Metropolitana;8125072;13;0;40;El Monte;13602;172.7;9.8;16;86.9;0.559;0.163627759;0.146272855;40014;0;0;0;0;24123;2248;2747;2518;2623;2876;2985;2613;2335;2357;2312;2431;2096;1551;1220;954;662;704;583;345.04;3.03;401;76.85;45.12
23-10-2020;28;31;26-10-2020;139;74;35;1876;4;3;1;La Araucania;1014343;9;0;41;Ercilla;9204;93.2;7.2;39.5;49.7;0.239;0.529290056;0.252275209;8458;0;0;0;0;4797;464;633;573;543;545;503;481;450;520;506;483;429;404;337;269;202;238;275;16.95;2.74;0;NA;62.78
13-08-2020;105;109;17-08-2020;358;220;753;10427;108;148;1;Metropolitana;8125072;13;0;42;Estacion Central;13106;207.3;10.6;11.5;98.5;0.587;0;0.012473332;206792;0;0;0;0;105479;7067;8065;7208;8705;13757;16292;13030;10636;9561;8965;9676;8365;6631;5109;4487;3361;3974;686;14390.54;2.8;22479;69.89;11.82
19-12-2020;49;51;21-12-2020;148;66;36;1701;14;6;1;La Araucania;1014343;9;0;43;Freire;9105;100.8;7.7;28.5;49.3;0.386;0.679509063;0.277013752;25446;0;0;0;0;15594;1144;1717;1782;1853;1694;1609;1410;1388;1688;1790;1759;1625;1391;1062;911;667;722;324;29.25;2.65;24;NA;68.93
31-10-2020;21;26;05-11-2020;99;81;32;3339;8;3;1;Los Lagos;891440;10;0;44;Fresia;10104;194.9;8.4;10;79.2;0.457;0.402087921;0.30259536;12656;0;0;0;0;7848;592;755;838;826;793;778;679;705;864;918;976;830;744;588;444;345;392;567;9.92;2.33;9;NA;60.91
31-10-2020;28;33;05-11-2020;99;81;32;3339;11;3;1;Los Lagos;891440;10;0;45;Frutillar;10105;187.3;8.5;13.4;91.3;0.488;0.297156501;0.163852178;20223;0;0;0;0;12057;902;1395;1251;1238;1243;1420;1240;1217;1316;1230;1404;1194;930;748;539;422;413;576;24.42;2.33;88;NA;50.89
12-12-2020;35;37;14-12-2020;51;51;14;1135;6;0;1;Los Rios;405835;14;0;46;Futrono;14202;129.9;8.3;20.8;70.7;0.438;0.442004773;0.178196692;15261;0;0;0;0;9111;838;1155;1065;1003;905;1076;903;883;1016;1022;1068;936;746;594;463;355;352;467;7.3;2.26;34;NA;56.41
14-11-2020;28;30;16-11-2020;131;59;49;2361;10;2;1;La Araucania;1014343;9;0;47;Galvarino;9106;116.3;6.9;28.5;33.3;0.33;0.654134712;0.225153211;12633;0;0;0;0;7492;680;889;957;786;797;767;717;735;725;775;846;791;601;494;432;339;411;300;22.25;2.81;5;NA;65.66
07-08-2020;42;45;10-08-2020;94;40;45;1332;25;4;1;OHiggins;991063;6;0;48;Graneros;6106;159.4;9.4;13.2;93.6;0.507;0.108143673;0.234382435;36504;0;0;0;0;22382;2098;2680;2523;2402;2469;2635;2448;2330;2297;2218;2264;1969;1450;1113;886;534;568;586;324.62;2.94;291;NA;47.43
28-11-2020;28;30;30-11-2020;95;68;34;4143;12;1;1;Los Lagos;891440;10;0;49;Hualaihue;10403;149.9;8.8;8.1;72.9;0.56;0.592911449;0.23947789;9525;0;0;0;0;5938;461;646;768;528;476;634;659;657;666;720;664;532;431;319;259;179;200;562;3.36;2.01;8;NA;64.33
13-04-2020;14;17;16-04-2020;15;NA;34;312;46;NA;1;Biobio;1663696;8;0;50;Hualpen;8112;219;10.3;19.5;98.5;0.585;0.008586403;0.015659896;97273;0;0;0;0;62579;4567;6048;5722;6472;7651;7376;5937;5761;6124;6298;6791;5763;4599;3550;3026;2329;2259;636;1809.06;2.99;225;NA;31.58
16-10-2020;49;52;19-10-2020;176;59;84;3669;79;28;1;Biobio;1663696;8;1;51;Hualpen_2;8112;219;10.3;19.5;98.5;0.585;0.008586403;0.015659896;97273;0;0;0;0;62579;4567;6048;5722;6472;7651;7376;5937;5761;6124;6298;6791;5763;4599;3550;3026;2329;2259;636;1809.06;2.99;225;NA;31.58
07-10-2020;35;41;13-10-2020;136;42;83;3000;19;10;1;Biobio;1663696;8;0;52;Hualqui;8105;105.3;8.8;27.2;78.1;0.409;0.141536185;0.081103944;26201;0;0;0;0;16104;1317;1913;1748;1775;1859;1849;1556;1600;1497;1707;1788;1496;1186;876;690;495;559;435;48.9;2.69;25;NA;41.78
28-08-2020;105;108;31-08-2020;320;205;524;12168;67;144;1;Metropolitana;8125072;13;0;53;Huechuraba;13107;219.4;10.2;14.7;97;0.584;0.001003334;0.012382466;112528;0;0;0;0;66093;5802;8059;7543;7542;7509;6959;6490;7243;8272;7858;6470;4508;3416;3161;2804;1732;1491;655;2501.73;3.41;4688;58.06;30.11
17-09-2020;147;151;21-09-2020;246;119;428;9537;80;274;1;Metropolitana;8125072;13;0;54;Independencia;13108;243;11.5;7.6;98.4;0.544;0;0.006828487;142065;0;0;0;0;72314;5428;5564;4663;5518;9675;12199;9964;7948;6913;5818;5519;4790;4098;3236;2821;1932;2717;731;19328.57;2.73;30023;71.36;3.97
02-10-2020;140;141;03-10-2020;17;9;8;803;183;143;1;Tarapaca;382773;1;0;55;Iquique;1101;227.6;11.1;10.2;98.8;0.631;0.0125504;0.045396286;223463;1;0;1;1;132629;10975;14137;12580;12798;15018;17641;16417;15037;13303;11615;11478;10540;9303;6462;4551;2884;3371;698;97.6;2.86;26777;NA;35.73
07-09-2020;42;49;14-09-2020;291;151;455;11436;31;24;1;Metropolitana;8125072;13;0;56;Isla de Maipo;13603;150.1;9.3;11;88.2;0.54;0.256163892;0.153946876;40171;0;0;0;0;24431;2067;2731;2620;2686;2832;2805;2517;2414;2530;2427;2564;2152;1634;1244;1014;625;721;593;211.85;3.06;427;80.28;48.77
14-11-2020;14;16;16-11-2020;205;92;325;12834;14;29;1;Metropolitana;8125072;13;1;57;Isla de Maipo_2;13603;150.1;9.3;11;88.2;0.54;0.256163892;0.153946876;40171;0;0;0;0;24431;2067;2731;2620;2686;2832;2805;2517;2414;2530;2427;2564;2152;1634;1244;1014;625;721;593;211.85;3.06;427;80.28;48.77
04-09-2020;119;122;07-09-2020;351;178;471;13080;68;136;1;Metropolitana;8125072;13;0;58;La Cisterna;13109;235;11.2;9.5;100;0.645;0;0.006178653;100434;0;0;0;0;61118;4329;5598;5049;5686;7049;8127;7236;6149;5718;5510;5630;5501;4539;3754;3121;2395;3267;724;10033.37;2.86;4719;66.93;18.22
21-09-2020;56;63;28-09-2020;94;23;95;2318;15;5;1;Valparaiso;1960170;5;0;59;La Cruz;5504;180.4;10.1;13.2;88.4;0.583;0.119739343;0.187000205;25321;0;0;0;0;14672;1401;1751;1574;1551;1397;1802;1919;1810;1529;1365;1324;1146;922;714;606;428;471;615;325.21;2.74;347;NA;45.6
28-08-2020;112;115;31-08-2020;320;205;524;12168;223;505;1;Metropolitana;8125072;13;0;60;La Florida;13110;261.2;11.5;9.5;99.4;0.722;0.000318874;0.007778855;402433;0;0;0;0;251149;17613;23024;22005;24846;28971;31107;27114;25036;24730;23060;23477;23444;20750;16708;12878;8072;8208;741;5664.88;3.06;12030;59.28;25.01
04-09-2020;119;122;07-09-2020;351;178;471;13080;73;211;1;Metropolitana;8125072;13;0;61;La Granja;13111;149.8;9.9;17.8;94;0.528;0;0.004082693;122557;0;0;0;0;79967;6131;7622;7289;8335;9766;9849;8088;6949;6700;6644;8235;8658;6880;4863;3328;2190;3118;592;12194.73;3.39;3031;70.14;14.8
24-09-2020;147;151;28-09-2020;301;112;416;12554;87;341;1;Metropolitana;8125072;13;0;62;La Pintana;13112;135.8;8.9;20.1;94.4;0.49;0;0.006963445;189335;0;0;0;0;119328;11189;14346;13351;13930;15349;14927;12588;11563;11181;10215;10805;10269;8622;6553;4487;2757;2037;561;6213.82;3.54;2147;83.03;24.12
24-07-2020;70;74;28-07-2020;605;182;1068;8832;54;82;1;Metropolitana;8125072;13;0;63;La Reina;13113;530.5;12.6;5.8;100;0.808;0;0.014154359;100252;0;0;0;0;62159;3970;5688;5721;6717;7225;6628;5362;6177;6608;6306;6482;5927;4972;4159;3327;2490;3459;831;4286.11;3.11;5087;32.48;27.42
23-09-2020;56;61;28-09-2020;30;18;34;1185;86;64;1;Coquimbo;836096;4;0;64;La Serena;4101;194.3;10.6;14.5;97.9;0.619;0.092348476;0.080366053;249656;0;1;0;0;149178;12125;16427;15069;17614;19666;18149;15171;14273;14542;14100;13850;12290;10181;7881;6196;4376;5150;669;131.31;2.53;4091;NA;39.98
28-11-2020;28;33;03-12-2020;38;43;10;857;52;7;1;Los Rios;405835;14;0;65;La Union;14201;156.5;8.9;19.6;70.7;0.475;0.299032496;0.151219512;39538;0;1;0;0;24499;1911;2671;2707;2874;2485;2611;2313;2267;2437;2570;2796;2525;2019;1748;1358;957;1132;499;18.55;2.51;42;NA;50.37
28-11-2020;28;30;30-11-2020;37;42;8;990;6;0;1;Los Rios;405835;14;0;66;Lago Ranco;14203;134.9;7.9;21.3;49;0.372;0.770715441;0.220310296;10292;0;0;0;0;6213;484;708;694;596;539;641;569;574;697;753;768;663;594;464;366;285;313;418;5.84;1.85;5;NA;69.35
07-08-2020;84;87;10-08-2020;411;225;841;9953;107;52;1;Metropolitana;8125072;13;0;67;Lampa;13302;140.2;9.1;18.2;87.2;0.505;0.208489327;0.063839662;126898;0;0;0;0;69124;7369;9342;8127;7683;7618;8686;9031;8747;7865;6458;5575;4439;3244;2235;1552;989;1015;550;282.3;3.06;3585;70.85;42.84
09-04-2020;14;21;16-04-2020;255;NA;184;2962;43;NA;1;Metropolitana;8125072;13;0;68;Las Condes;13114;953;14.7;1.7;99.6;0.972;0;0.020108592;330759;0;0;0;0;203649;13117;14685;14136;18207;24467;26000;23621;21076;19565;18511;18461;18106;15794;12413;11165;8447;12527;970;3338.98;2.5;30308;11.68;29.15
24-07-2020;70;74;28-07-2020;605;182;1068;8832;167;270;1;Metropolitana;8125072;13;1;69;Las Condes_2;13114;953;14.7;1.7;99.6;0.972;0;0.020108592;330759;0;0;0;0;203649;13117;14685;14136;18207;24467;26000;23621;21076;19565;18511;18461;18106;15794;12413;11165;8447;12527;970;3338.98;2.5;30308;11.68;29.15
19-12-2020;42;48;25-12-2020;129;59;37;1543;79;7;0;La Araucania;1014343;9;0;70;Lautaro;9108;125.1;8.6;26.9;61.4;0.408;0.281272196;0.091520764;40746;0;0;0;0;24702;2219;2891;2757;2870;2934;2870;2547;2385;2669;2608;2377;2094;1765;1359;1202;839;949;405;44.96;2.69;59;NA;46.93
06-11-2020;49;55;12-11-2020;181;43;89;4173;21;7;1;Biobio;1663696;8;0;71;Lebu;8201;105.1;8.5;35.9;90.9;0.357;0.080126949;0.231925911;27100;0;1;0;0;16874;1507;1885;1911;1884;1564;1917;1812;1706;1803;1801;1712;1472;1339;921;711;508;573;407;48.02;2.75;20;NA;46.81
09-10-2020;21;25;13-10-2020;78;41;36;1798;2;5;1;Maule;1131939;7;0;72;Licanten;7303;146.6;8.6;19.4;77.8;0.405;0.253720126;0.159235669;6989;0;0;0;0;4395;284;452;415;397;336;474;425;420;458;474;586;462;409;331;241;182;210;500;25.6;1.68;12;NA;49.22
25-09-2020;28;31;28-09-2020;96;58;47;2114;51;31;1;Maule;1131939;7;0;73;Linares;7401;145.5;9.2;23.8;85.9;0.476;0.170188671;0.116323514;101073;0;1;0;0;62043;5082;6831;6341;6621;5948;6879;6364;6352;6204;6199;6883;5969;4924;3890;2960;2162;2360;514;68.92;2.62;473;NA;44.36
09-04-2020;14;18;13-04-2020;251;NA;179;3277;23;NA;1;Metropolitana;8125072;13;0;74;Lo Barnechea;13115;587.9;11.6;7.7;99.7;0.793;0.025502443;0.0461605;124076;0;0;0;0;73112;5364;8719;8888;9412;9448;7126;5299;6851;7928;8214;7894;6455;4578;2932;2109;1217;1589;809;121.21;3.39;10667;32;36.16
24-07-2020;70;74;28-07-2020;605;182;1068;8832;73;65;1;Metropolitana;8125072;13;1;75;Lo Barnechea_2;13115;587.9;11.6;7.7;99.7;0.793;0.025502443;0.0461605;124076;0;0;0;0;73112;5364;8719;8888;9412;9448;7126;5299;6851;7928;8214;7894;6455;4578;2932;2109;1217;1589;809;121.21;3.39;10667;32;36.16
25-09-2020;140;143;28-09-2020;301;122;418;12989;60;215;1;Metropolitana;8125072;13;0;76;Lo Espejo;13116;151.3;9.9;19.5;97.6;0.494;0;0.006636617;103865;0;0;0;0;67754;5158;6841;6073;7010;8635;8842;6605;5734;5504;5964;7144;7201;5140;3529;2681;2046;2971;602;12589.7;3.69;3564;81.78;14.31
25-09-2020;140;143;28-09-2020;292;106;418;11247;43;162;1;Metropolitana;8125072;13;0;77;Lo Prado;13117;170.1;10.3;12.4;92.9;0.572;0;0.004598662;104403;0;0;0;0;64747;4635;6009;5675;6446;8090;8189;6469;5817;6621;6672;6569;5456;4418;4194;3961;2849;2614;648;15963.76;3.26;6544;75.54;9.03
24-10-2020;21;23;26-10-2020;120;61;34;1709;2;3;1;La Araucania;1014343;9;0;78;Loncoche;9109;160.5;8.6;26;75.7;0.432;0.297306454;0.143657606;24739;0;0;0;0;14470;1238;1790;1664;1673;1407;1499;1439;1440;1577;1523;1732;1514;1278;1127;848;659;775;461;25.47;2.35;21;NA;49.94
16-10-2020;35;38;19-10-2020;74;47;31;1888;25;7;1;Maule;1131939;7;0;79;Longavi;7403;136;7.8;11.2;68.1;0.466;0.697157267;0.414946921;32810;0;0;0;0;20395;1602;1980;2058;1912;1952;2225;1947;1988;2105;2203;2418;2101;1661;1367;1117;689;709;471;22.58;2.57;65;NA;76
29-05-2020;7;14;05-06-2020;25;8;18;511;14;NA;1;La Araucania;1014343;9;0;80;Lonquimay;9205;110.8;7.5;30.7;50.9;0.348;0.630572627;0.162947029;11049;0;0;0;0;6667;594;786;710;822;677;685;639;691;733;677;679;605;527;394;339;231;267;359;2.81;2.14;31;NA;61.99
09-10-2020;14;18;13-10-2020;107;52;24;1552;11;3;1;La Araucania;1014343;9;1;81;Lonquimay_2;9205;110.8;7.5;30.7;50.9;0.348;0.630572627;0.162947029;11049;0;0;0;0;6667;594;786;710;822;677;685;639;691;733;677;679;605;527;394;339;231;267;359;2.81;2.14;31;NA;61.99
30-10-2020;42;48;05-11-2020;150;40;82;3613;20;7;1;Biobio;1663696;8;0;82;Los Alamos;8206;105;8.3;36.9;74.7;0.301;0.109769432;0.106084448;22524;0;0;0;0;13668;1255;1784;1721;1515;1316;1502;1379;1451;1465;1465;1377;1209;1022;758;550;376;478;374;37.52;2.72;4;NA;41.91
21-08-2020;63;66;24-08-2020;134;39;95;2875;20;48;1;Valparaiso;1960170;5;0;83;Los Andes;5301;287.9;11.1;7.9;96.6;0.677;0.085312106;0.124104855;68093;0;1;0;0;45068;3577;4496;4343;4884;4720;5210;4748;4856;4669;4437;4450;4003;3437;2689;2155;1337;1638;739;55.19;2.82;1330;NA;41.91
19-12-2020;7;13;25-12-2020;298;76;110;5439;424;43;0;Biobio;1663696;8;0;84;Los Angeles;8301;177.1;9.8;19;86.7;0.535;0.25326816;0.076329708;218515;0;1;0;0;135083;11412;15128;14895;14899;14372;15679;13929;13717;14292;14594;13664;11530;9173;7139;5825;3994;4463;580;124.94;2.7;952;NA;45.16
12-12-2020;28;30;14-12-2020;50;46;14;1076;11;5;1;Los Rios;405835;14;0;85;Los Lagos;14104;149.8;8.4;15.7;84.5;0.486;0.500967709;0.170270974;20518;0;0;0;0;12679;936;1492;1401;1363;1294;1440;1293;1181;1288;1347;1431;1267;1068;791;682;504;483;549;11.47;2.48;15;NA;58
05-12-2020;56;58;07-12-2020;86;61;31;3821;17;1;1;Los Lagos;891440;10;0;86;Los Muermos;10106;200.4;8.2;13.2;70;0.459;0.525076166;0.293138726;17817;0;0;0;0;10900;871;1163;1154;1124;1046;1163;999;992;1208;1283;1342;1081;912;814;632;492;518;525;14.49;2.35;13;NA;64.56
17-12-2020;7;13;23-12-2020;128;57;37;1504;7;2;1;La Araucania;1014343;9;0;87;Los Sauces;9206;116.3;7.4;34;68.1;0.322;0.391878871;0.322428208;7517;0;0;0;0;4530;358;473;515;525;441;476;446;446;455;492;540;476;433;314;292;228;245;363;8.86;2.38;0;NA;61.51
27-11-2020;77;80;30-11-2020;223;54;97;4470;68;32;1;Biobio;1663696;8;0;88;Lota;8106;115.7;9.3;29.8;91.3;0.4;0.002480763;0.037011737;45750;0;0;0;0;29134;2283;2922;2966;3082;3374;3263;2446;2271;2723;3211;3411;2971;2486;1873;1502;1030;1003;480;398.9;2.81;66;NA;34.54
07-08-2020;49;52;10-08-2020;94;40;45;1332;47;12;1;OHiggins;991063;6;0;89;Machali;6108;224.9;10.1;17.6;93.7;0.577;0.019064851;0.142993617;59913;0;0;0;0;35231;3416;4493;4143;3696;2741;3656;4097;4654;4522;3619;3253;2788;2227;1637;1180;670;730;608;23.1;2.67;972;NA;40.64
28-08-2020;112;115;31-08-2020;320;205;524;12168;78;170;1;Metropolitana;8125072;13;0;90;Macul;13118;204.1;11;11.9;97.8;0.652;0;0.00687338;134635;0;0;0;0;79768;5384;6508;6250;7127;9028;10461;9357;8384;7688;7299;7490;7119;5956;4972;4344;3250;4061;683;10510.15;2.7;6126;55.02;17.52
28-08-2020;105;108;31-08-2020;320;205;524;12168;325;422;1;Metropolitana;8125072;13;0;91;Maipu;13119;260.9;11.6;8.2;96.7;0.739;0.006581331;0.009885461;578605;0;0;0;0;370501;25480;34408;34232;40003;45052;44318;36293;33083;33942;35536;40390;36728;26429;18332;12961;8067;8526;741;4229.57;3.23;10173;58.39;27.52
09-10-2020;21;25;13-10-2020;95;75;25;3418;24;3;1;Los Lagos;891440;10;0;92;Maullin;10108;148.6;8;13.2;63;0.438;0.533905459;0.318067438;14894;0;0;0;0;9241;600;888;927;851;805;931;775;753;964;1138;1213;994;868;718;621;462;482;494;18.1;2.14;0;NA;66.02
26-05-2020;21;24;29-05-2020;66;10;50;233;17;NA;1;Antofagasta;691854;2;0;93;Mejillones;2102;228.8;10.1;5.8;99.1;0.571;0.038093117;0.053354891;14776;0;0;0;0;10002;728;898;835;793;1097;1432;1224;1119;1075;1021;1010;767;533;315;194;140;94;697;4.13;3.19;1824;NA;37.1
22-09-2020;91;97;28-09-2020;36;22;40;1697;21;6;1;Antofagasta;691854;2;1;94;Mejillones_2;2102;228.8;10.1;5.8;99.1;0.571;0.038093117;0.053354891;14776;0;0;0;0;10002;728;898;835;793;1097;1432;1224;1119;1075;1021;1010;767;533;315;194;140;94;697;4.13;3.19;1824;NA;37.1
07-08-2020;56;59;10-08-2020;411;225;841;9953;96;114;1;Metropolitana;8125072;13;0;95;Melipilla;13501;166.7;9.7;11.2;84.3;0.558;0.31468045;0.180209469;141612;0;1;0;0;83196;6831;9003;8366;9024;9498;9962;8926;8463;8217;7858;8178;7496;5835;4712;3660;2653;2845;589;104.69;2.85;2783;75.8;52.11
16-10-2020;35;38;19-10-2020;74;47;31;1888;38;26;1;Maule;1131939;7;0;96;Molina;7304;144.8;8.9;17.8;83.3;0.453;0.188315643;0.280959252;49800;0;0;0;0;30557;2522;3252;3008;3190;3203;3438;3079;3269;3179;2922;3350;2913;2468;1891;1468;1013;1030;535;32.83;2.65;144;NA;52.74
18-12-2020;98;105;25-12-2020;56;22;11;777;88;30;0;Magallanes;178362;12;0;97;Natales;12401;228.3;9.2;10.4;95.9;0.541;0.106951623;0.089080191;23782;0;1;0;0;14325;1036;1411;1363;1413;1292;1879;1716;1673;1595;1372;1333;1218;1151;915;706;518;530;657;0.49;2.29;554;NA;41.08
09-04-2020;0;7;16-04-2020;22;NA;52;169;10;NA;1;La Araucania;1014343;9;0;98;Nueva Imperial;9111;161.1;9.2;26.3;66.6;0.457;0.419224854;0.154811011;33777;0;0;0;0;20646;1666;2461;2429;2432;2391;2249;1965;1893;2100;2065;2164;1911;1679;1358;1172;873;1059;459;46.22;2.68;44;NA;54.5
30-04-2020;35;42;07-05-2020;872;84;291;5854;81;NA;1;Metropolitana;8125072;13;0;99;Nunoa;13120;569.3;13.7;4.1;100;0.841;0;0.012925928;250192;0;0;0;0;146549;9966;10015;8820;10546;13729;18656;21935;19464;15441;12350;12216;12129;10362;8269;6920;5283;8998;892;14813.03;2.26;15578;37.36;11.19
24-07-2020;70;74;28-07-2020;605;182;1068;8832;123;230;1;Metropolitana;8125072;13;1;100;Nunoa_2;13120;569.3;13.7;4.1;100;0.841;0;0.012925928;250192;0;0;0;0;146549;9966;10015;8820;10546;13729;18656;21935;19464;15441;12350;12216;12129;10362;8269;6920;5283;8998;892;14813.03;2.26;15578;37.36;11.19
27-04-2020;28;31;30-04-2020;3;1;18;275;24;NA;1;Los Lagos;891440;10;0;101;Osorno;10301;183.7;10;19.2;94.2;0.507;0.084441967;0.054386606;173410;0;1;0;0;109101;8088;11538;10929;11633;11712;12811;11644;11176;11774;10867;10921;9613;7639;5964;4766;3510;4119;605;181.66;2.69;758;NA;38.42
28-11-2020;56;58;30-11-2020;95;68;34;4143;203;74;1;Los Lagos;891440;10;1;102;Osorno_2;10301;183.7;10;19.2;94.2;0.507;0.084441967;0.054386606;173410;0;1;0;0;109101;8088;11538;10929;11633;11712;12811;11644;11176;11774;10867;10921;9613;7639;5964;4766;3510;4119;605;181.66;2.69;758;NA;38.42
02-10-2020;42;43;03-10-2020;35;15;36;1127;103;46;1;Coquimbo;836096;4;0;103;Ovalle;4301;134.1;9.4;23.7;87.2;0.514;0.213288159;0.211029764;121269;0;1;0;0;72374;6615;8584;7886;7913;7868;8685;7740;7174;7414;7025;7406;6497;5313;4034;3292;2470;3154;519;34.2;2.64;950;NA;50.29
18-08-2020;98;101;24-08-2020;335;195;599;10974;44;55;1;Metropolitana;8125072;13;0;104;Padre Hurtado;13604;155.1;9.8;13.4;94.9;0.57;0.118924901;0.030407045;74188;0;0;0;0;43416;4015;4729;4462;4624;4955;5491;5137;4579;4471;4052;4243;3319;2575;2020;1456;1011;986;609;919.99;3.04;1347;75.37;37.31
10-04-2020;14;20;16-04-2020;28;NA;51;186;17;NA;1;La Araucania;1014343;9;0;105;Padre Las Casas;9112;114;8.8;24;63.3;0.458;0.403055461;0.080161727;82110;0;0;0;0;51013;4554;6032;5716;6036;6312;5898;5350;4965;5263;5234;5008;3999;3266;2425;1915;1394;1425;432;177.03;2.91;217;NA;50.26
19-12-2020;49;51;21-12-2020;148;66;36;1701;90;21;1;La Araucania;1014343;9;1;106;Padre Las Casas_2;9112;114;8.8;24;63.3;0.458;0.403055461;0.080161727;82110;0;0;0;0;51013;4554;6032;5716;6036;6312;5898;5350;4965;5263;5234;5008;3999;3266;2425;1915;1394;1425;432;177.03;2.91;217;NA;50.26
19-12-2020;7;11;23-12-2020;55;35;11;985;15;6;1;Los Rios;405835;14;0;107;Paillaco;14107;139.1;8.6;19.3;78.4;0.442;0.383197939;0.200097967;20798;0;0;0;0;13050;1009;1437;1479;1529;1343;1378;1241;1255;1306;1369;1440;1309;1117;831;712;502;574;523;23.07;2.65;71;NA;55.46
02-10-2020;21;22;03-10-2020;268;109;404;13026;81;64;1;Metropolitana;8125072;13;0;108;Paine;13404;165.1;9.4;11.2;85;0.578;0.357426573;0.19505419;82766;0;0;0;0;49671;4009;5598;5226;5447;5770;5819;5099;5152;4998;4964;5024;4183;3295;2624;1832;1197;1251;590;122.16;2.97;1918;75.91;54.21
27-08-2020;126;130;31-08-2020;313;192;533;11764;56;221;1;Metropolitana;8125072;13;0;109;Pedro Aguirre Cerda;13121;171.7;10;10.5;99.7;0.568;0;0.005788337;107803;0;0;0;0;68628;4728;6289;5733;6541;8215;8620;6998;6020;5658;5824;7344;7494;6024;4340;3219;2445;3944;657;12348.57;3.38;5052;69.49;14.64
21-08-2020;70;73;24-08-2020;335;195;599;10974;88;118;1;Metropolitana;8125072;13;0;110;Penaflor;13605;214.5;10.5;9.6;94.1;0.611;0.079123291;0.031109333;101058;0;0;0;0;61263;5167;6789;6568;6791;7280;7062;5955;6076;6777;6421;6035;5064;3876;3074;2358;1635;1679;668;1455.75;3.16;1159;68.99;35.19
21-08-2020;105;108;24-08-2020;335;195;599;10974;176;321;1;Metropolitana;8125072;13;0;111;Penalolen;13122;237;10.3;11.1;96.7;0.619;0;0.008540999;266798;0;0;0;0;167190;12062;17205;16670;18815;21128;19084;14787;15636;17930;18156;17357;13820;10819;8527;6849;4624;4249;668;4950.79;3.43;9876;64.12;26.13
16-10-2020;56;59;19-10-2020;176;59;84;3669;38;21;1;Biobio;1663696;8;0;112;Penco;8107;123.8;9.8;24.8;94.7;0.491;0.009859185;0.025521678;49865;0;0;0;0;32112;2429;3333;3123;3467;3542;3763;3083;2873;3089;3243;3501;3158;2477;2016;1512;1036;963;552;460.09;2.99;67;NA;34.15
30-10-2020;42;48;05-11-2020;29;12;45;1149;17;12;1;OHiggins;991063;6;0;113;Pichidegua;6113;127.3;7.7;12.4;69.5;0.479;0.528101857;0.389840734;20743;0;0;0;0;13159;990;1306;1250;1239;1215;1313;1234;1249;1354;1550;1553;1339;1201;944;672;462;526;466;64.93;2.71;101;NA;69.12
13-11-2020;63;69;19-11-2020;37;21;15;654;12;2;1;Magallanes;178362;12;0;114;Porvenir;12301;398;9.9;6.4;94.8;0.511;0.108660491;0.099229512;7323;0;1;0;0;4518;340;428;411;571;468;683;581;475;461;450;436;424;338;239;164;126;117;726;0.98;2.13;121;NA;41.61
25-09-2020;105;108;28-09-2020;20;12;9;872;10;16;1;Tarapaca;382773;1;0;115;Pozo Almonte;1401;176;9.7;9.8;83.5;0.574;0.357456559;0.240728859;17395;0;1;0;0;9446;994;1285;1081;1391;1230;1368;1404;1246;1144;890;850;789;650;381;323;199;200;591;1.26;1.76;1680;NA;56.54
09-04-2020;14;18;13-04-2020;251;NA;179;3277;27;NA;1;Metropolitana;8125072;13;0;116;Providencia;13123;966.7;14.6;1.3;100;0.931;0;0.016850292;157749;0;0;0;0;101578;6424;5511;4539;6024;10076;14854;16783;14221;10848;8122;7226;7189;6729;5860;5107;3748;6892;968;10924.45;2;15628;26.63;17.35
07-08-2020;84;87;10-08-2020;411;225;841;9953;87;151;1;Metropolitana;8125072;13;1;117;Providencia_2;13123;966.7;14.6;1.3;100;0.931;0;0.016850292;157749;0;0;0;0;101578;6424;5511;4539;6024;10076;14854;16783;14221;10848;8122;7226;7189;6729;5860;5107;3748;6892;968;10924.45;2;15628;26.63;17.35
18-09-2020;126;129;21-09-2020;234;110;428;9123;138;259;1;Metropolitana;8125072;13;0;118;Pudahuel;13124;184.8;10.4;11.4;98;0.616;0.018042233;0.012064982;253139;0;0;1;0;162552;12568;16343;15653;16795;19964;20112;16369;15684;16117;15743;17192;14460;10314;7089;5199;3477;3304;667;1274.81;3.34;6127;65.05;32.54
24-09-2020;168;172;28-09-2020;301;112;416;12554;375;668;1;Metropolitana;8125072;13;0;119;Puente Alto;13201;175;10.9;13;98.2;0.636;2;0.008695912;645909;0;1;0;0;401186;32352;42137;40066;44054;49711;49027;40724;37695;37587;38265;42187;36781;25798;16726;11189;7021;7508;676;7307.49;3.31;7411;64.27;22.52
02-12-2020;126;131;07-12-2020;81;55;31;3545;350;50;1;Los Lagos;891440;10;0;120;Puerto Montt;10101;214.2;9.7;12.7;85.9;0.551;0.104753113;0.039794282;269398;1;0;1;1;169701;13632;18624;17871;18825;20501;21421;18940;18189;18066;17130;16231;12564;9584;7201;5347;3891;3971;619;161.28;2.63;1987;NA;38.44
06-05-2020;35;36;07-05-2020;12;14;19;124;NA;NA;1;Magallanes;178362;12;0;121;Punta Arenas;12101;284.6;10.6;6.5;98;0.619;0.043011733;0.045156229;141984;1;0;1;1;90566;6161;8601;8391;9721;9013;10366;10224;9704;9378;8334;8895;8578;6978;5142;4082;2866;3092;733;7.99;2.61;2180;NA;36.87
14-11-2020;28;30;16-11-2020;153;104;34;4383;11;10;1;Los Lagos;891440;10;0;122;Purranque;10303;151.2;8.4;20.8;86.2;0.425;0.292896068;0.240293678;21080;0;0;0;0;12987;1047;1385;1393;1426;1352;1452;1189;1118;1313;1418;1537;1358;1087;927;757;566;663;527;14.52;2.59;42;NA;54.35
19-12-2020;28;30;21-12-2020;94;84;30;4239;12;1;1;Los Lagos;891440;10;0;123;Quemchi;10209;161.8;7.8;5.7;46.5;0.48;0.699233716;0.272320096;8783;0;0;0;0;5439;331;567;618;475;458;556;519;579;661;645;613;520;438;375;318;251;307;485;20.04;2.16;9;NA;69.38
08-09-2020;126;132;14-09-2020;289;151;449;11416;131;173;1;Metropolitana;8125072;13;0;124;Quilicura;13125;191.5;11;11.5;99.7;0.633;0.002623449;0.01235892;254694;0;0;0;0;150827;11988;16472;16378;17494;18625;18506;15666;15272;16659;15960;14357;11003;7523;4696;3006;1777;1700;693;4443.37;3.37;15004;56.01;27.18
18-09-2020;84;87;21-09-2020;99;27;95;2680;60;56;1;Valparaiso;1960170;5;0;125;Quillota;5501;170.9;10.4;14.7;98.3;0.574;0.134626645;0.149331784;97572;0;1;0;0;59971;4588;6395;5879;6516;6767;6987;6531;5829;5691;5354;6162;5746;4812;3766;3029;2112;2683;640;323.9;2.73;1374;NA;44.33
24-09-2020;154;158;28-09-2020;301;112;416;12554;62;192;1;Metropolitana;8125072;13;0;126;Quinta Normal;13126;198.5;10.5;9.9;98.3;0.583;0;0.006673493;136368;0;0;0;0;76222;5236;6630;6045;7214;9280;10211;8676;7489;7612;6887;7404;6503;5196;4344;3499;2631;3399;677;11556.61;2.82;11626;70.23;15.9
07-08-2020;49;52;10-08-2020;94;40;45;1332;271;114;1;OHiggins;991063;6;0;127;Rancagua;6101;227.4;10.6;9;98.1;0.609;0.03139709;0.101680112;265211;1;0;0;0;162861;12991;17576;16837;16878;17474;20008;17717;16720;16411;15878;16139;14335;12158;9450;7042;4842;5155;696;1016.37;2.69;3971;NA;37.59
01-09-2020;119;125;07-09-2020;331;158;482;11627;141;320;1;Metropolitana;8125072;13;0;128;Recoleta;13127;167;10.2;11.6;97.9;0.547;0;0.006073028;190075;0;0;0;0;109346;7872;9744;8928;10352;13472;14322;12394;11393;10987;10112;10026;8944;7582;6289;5141;3722;4110;632;12176.49;3.15;23329;73.82;14.92
31-10-2020;14;16;02-11-2020;112;59;42;1722;0;5;1;La Araucania;1014343;9;0;129;Renaico;9209;117.1;8.6;30.2;87.2;0.33;0.185170732;0.27995997;10833;0;0;0;0;6787;560;754;710;691;703;791;701;623;679;711;719;638;551;417;340;239;230;442;40.8;2.61;31;NA;52.58
02-10-2020;147;148;03-10-2020;268;109;404;13026;203;271;1;Metropolitana;8125072;13;0;130;Renca;13128;152.2;10;19.6;96.3;0.516;0;0.007995759;160847;0;0;0;0;99893;8616;11203;10156;11128;12273;12104;10537;10448;10523;9416;9073;8004;6713;5264;4065;2547;2484;596;6792.53;3.41;4841;68.53;23.28
01-09-2020;49;50;02-09-2020;69;17;48;970;NA;NA;1;OHiggins;991063;6;0;131;Rengo;6115;170.8;9.6;10.3;88.8;0.567;0.218937527;0.212140005;63710;0;0;0;0;39396;3203;4341;4182;4098;4127;4796;4143;3944;3923;4019;4080;3572;2869;2277;1792;1223;1254;606;108.9;2.82;443;NA;50.41
19-12-2020;7;11;23-12-2020;55;35;11;985;71;10;1;Los Rios;405835;14;0;132;Rio Bueno;14204;146.1;8.1;21.2;79.3;0.428;0.453557312;0.239644732;32925;0;0;0;0;19778;1491;2087;2126;2048;1947;2148;1858;1815;2123;2232;2396;2179;1822;1468;1203;923;949;510;15.16;2.36;32;NA;59.67
14-11-2020;42;44;16-11-2020;153;104;34;4383;14;4;1;Los Lagos;891440;10;0;133;Rio Negro;10305;172.7;8.3;14;68.7;0.457;0.504153355;0.274586354;14275;0;0;0;0;8948;668;958;941;1060;855;908;835;763;916;1000;1036;994;822;692;549;396;452;506;11.14;2.48;14;NA;63
07-11-2020;35;37;09-11-2020;151;46;51;2049;11;2;1;La Araucania;1014343;9;0;134;Saavedra;9116;103.1;7.6;35;31.9;0.296;0.780803213;0.317186772;12793;0;0;0;0;7688;642;963;910;717;706;755;763;727;737;855;849;851;743;599;500;392;484;265;32.11;2.19;18;NA;74.19
21-07-2020;42;49;28-07-2020;146;21;118;933;85;34;1;Valparaiso;1960170;5;0;135;San Antonio;5601;138.3;9.9;21.1;93.3;0.509;0.052337165;0.051132413;96761;0;1;0;1;60713;4977;6227;6158;6169;6170;7036;6285;6084;6065;5922;6430;6052;4842;3822;2926;2154;2399;568;241.88;2.81;1103;NA;37.1
10-09-2020;147;151;14-09-2020;299;151;439;12410;169;360;1;Metropolitana;8125072;13;0;136;San Bernardo;13401;154.7;9.9;18.4;99.1;0.525;0.016809763;0.01888533;334836;0;1;0;0;206389;17923;23683;22029;24011;25474;25322;21934;20619;20618;20240;19031;16710;12799;9460;6943;4389;4690;605;2176.38;3.34;6916;75.14;31.44
09-10-2020;28;32;13-10-2020;78;41;36;1798;24;14;1;Maule;1131939;7;0;137;San Clemente;7109;121.6;7.7;16;65.6;0.456;0.499271996;0.317506023;46292;0;0;0;0;28545;2381;3133;2920;3025;3169;3238;2619;2620;3036;3070;3128;2685;2297;1860;1429;983;948;407;10.29;2.35;91;NA;64.85
24-07-2020;35;39;28-07-2020;130;21;115;1003;48;24;1;Valparaiso;1960170;5;0;138;San Felipe;5701;168.3;9.8;15.8;93.5;0.555;0.094047681;0.171982796;83494;0;1;0;0;50770;4349;5660;5284;5274;5577;6366;5781;5315;5032;4666;5185;4545;3733;2895;2279;1573;1943;615;446.92;2.77;2424;NA;43.85
04-09-2020;119;122;07-09-2020;351;178;471;13080;105;165;1;Metropolitana;8125072;13;0;139;San Joaquin;13129;178.5;10.1;15.8;95.2;0.547;0;0.004862707;103485;0;0;0;0;64126;4458;5493;5191;6268;7863;8340;6778;5836;5618;5928;6615;6043;4939;4083;3566;2624;3300;636;10410.97;3.14;5452;75.16;17.57
21-08-2020;70;73;24-08-2020;335;195;599;10974;6;20;1;Metropolitana;8125072;13;0;140;San Jose de Maipo;13203;256.2;10.2;10.6;84.6;0.601;0.383803398;0.04887179;18644;0;0;0;0;11950;844;1075;1122;1121;1302;1491;1367;1443;1435;1380;1298;1163;937;645;543;350;403;648;3.74;2.63;472;74.52;48.41
14-11-2020;42;44;16-11-2020;153;104;34;4383;24;3;1;Los Lagos;891440;10;0;141;San Juan de la Costa;10306;119.9;6.4;15.3;23.6;0.359;0.844249201;0.365960309;7639;0;0;0;0;4686;274;465;505;415;392;348;363;501;626;547;589;564;478;424;336;273;299;281;5.07;1.41;4;NA;78.63
04-09-2020;119;122;07-09-2020;351;178;471;13080;84;159;1;Metropolitana;8125072;13;0;142;San Miguel;13130;339;12.3;6.9;96.8;0.679;0;0.007803967;133059;0;0;0;0;76224;5508;5866;5310;5918;7943;10640;10807;8862;7474;6551;6601;6443;5009;3925;3239;2536;3682;783;13817.13;2.51;7495;53.34;12.48
13-04-2020;14;17;16-04-2020;15;NA;34;312;23;NA;1;Biobio;1663696;8;0;143;San Pedro de la Paz;8108;303.6;11.1;16.8;92.8;0.626;0.000940762;0.01629949;145906;0;0;0;0;89335;7816;10545;9764;9887;9989;10143;9753;10270;10368;8963;8270;6784;5581;4276;3009;1985;2004;671;1292.81;2.77;1155;NA;32.14
16-10-2020;35;38;19-10-2020;176;59;84;3669;186;42;1;Biobio;1663696;8;1;144;San Pedro de la Paz_2;8108;303.6;11.1;16.8;92.8;0.626;0.000940762;0.01629949;145906;0;0;0;0;89335;7816;10545;9764;9887;9989;10143;9753;10270;10368;8963;8270;6784;5581;4276;3009;1985;2004;671;1292.81;2.77;1155;NA;32.14
03-09-2020;126;130;07-09-2020;354;166;475;12732;55;172;1;Metropolitana;8125072;13;0;145;San Ramon;13131;157;9.6;19.1;93.3;0.506;0;0.004411211;86510;0;0;0;0;54971;4355;5184;5176;5972;7066;6636;5030;4705;5379;5818;5868;4612;3885;3593;3459;2396;2302;575;13709.98;3.48;2363;80.28;12.49
02-10-2020;49;55;08-10-2020;55;19;46;1202;48;19;1;OHiggins;991063;6;0;146;San Vicente;6117;144.5;9.1;10.4;78.8;0.549;0.439571484;0.22591961;50617;0;0;0;0;31156;2246;3315;3064;3050;2715;3395;3080;3141;3321;3227;3643;3115;2624;2010;1630;1133;1289;544;104.42;2.66;458;NA;58.42
30-09-2020;28;31;03-10-2020;70;22;47;1411;22;17;1;OHiggins;991063;6;0;147;Santa Cruz;6310;168.3;9.3;12;80.9;0.558;0.397067759;0.157897852;41096;0;0;0;0;24999;1919;2557;2499;2466;2166;2792;2757;2689;2752;2766;2732;2388;1978;1586;1183;900;1047;574;104.43;2.64;683;NA;53.82
13-08-2020;140;144;17-08-2020;347;220;753;10427;224;280;1;Metropolitana;8125072;13;0;148;Santiago;13101;487.5;13.1;6.9;98.5;0.733;0;0.008139908;503147;1;0;0;0;323893;17039;15685;12998;17845;41617;66859;58544;40643;29044;21803;19528;16473;12820;9465;7449;5328;6948;833;21706.08;2.09;110732;57.11;0.38
28-08-2020;63;66;31-08-2020;320;205;524;12168;30;67;1;Metropolitana;8125072;13;0;149;Talagante;13601;238.4;10.5;10.1;94.2;0.633;0.202432749;0.052509859;81838;0;1;0;0;51047;4250;5494;5114;5556;6033;6072;5250;5012;4968;4994;5288;4599;3324;2472;1859;1290;1363;682;653.5;3.19;1193;68.45;41.54
16-10-2020;49;52;19-10-2020;176;59;84;3669;126;58;1;Biobio;1663696;8;0;150;Talcahuano;8110;183.5;11;18.1;96.9;0.588;0.009416866;0.032046269;158345;0;0;0;1;104358;7461;9907;9470;11501;12619;12098;10235;9318;9428;9562;10771;10478;8680;6188;4481;3224;3891;647;1710.91;3;384;NA;32.52
25-04-2020;28;33;30-04-2020;18;1;36;260;59;NA;1;La Araucania;1014343;9;0;151;Temuco;9101;219.7;10.8;17;96.5;0.6;0.068162102;0.019117504;302931;1;0;0;0;195716;14856;18772;17940;22558;27048;24314;20279;18866;19262;18317;17861;15369;12579;9743;7642;5580;6625;657;648.83;2.7;2709;NA;35.51
19-12-2020;49;51;21-12-2020;135;62;37;1570;313;84;1;La Araucania;1014343;9;1;152;Temuco_2;9101;219.7;10.8;17;96.5;0.6;0.068162102;0.019117504;302931;1;0;0;0;195716;14856;18772;17940;22558;27048;24314;20279;18866;19262;18317;17861;15369;12579;9743;7642;5580;6625;657;648.83;2.7;2709;NA;35.51
23-10-2020;28;31;26-10-2020;139;74;35;1876;4;3;1;La Araucania;1014343;9;0;153;Teodoro Schmidt;9117;137.6;7.5;26.2;51;0.388;0.640877368;0.419974392;15786;0;0;0;0;9304;743;1078;1018;818;811;935;865;886;1018;1104;1118;1027;889;757;649;474;568;354;24.06;2.34;8;NA;74.36
28-09-2020;49;54;03-10-2020;24;18;6;758;10;2;1;Atacama;314709;3;0;154;Tierra Amarilla;3103;194.4;8.9;12.9;78.4;0.537;0.291318924;0.49070632;14312;0;0;0;0;8774;804;1163;991;988;1097;1235;1050;1033;1028;981;1000;800;585;386;274;181;197;548;1.27;2.95;388;NA;66.06
24-07-2020;42;46;28-07-2020;605;182;1068;8832;19;12;1;Metropolitana;8125072;13;0;155;Tiltil;13303;163.8;9.3;9.9;82.5;0.539;0.323218724;0.136470853;21477;0;0;0;0;13195;1134;1331;1332;1457;1584;1623;1431;1300;1358;1271;1311;1075;822;714;526;359;352;579;32.81;2.79;369;71.21;50.46
06-11-2020;77;80;09-11-2020;190;45;85;4838;59;18;1;Biobio;1663696;8;0;156;Tome;8111;131;9.8;25.7;80.6;0.482;0.098387508;0.058906929;58729;0;0;0;0;36151;2764;3609;3489;3760;3923;4050;3484;3410;3454;3883;3922;3641;2970;2481;2065;1460;1645;503;118.81;2.36;120;NA;39.19
28-11-2020;14;16;30-11-2020;106;53;50;1951;0;5;1;La Araucania;1014343;9;0;157;Traiguen;9210;125.4;8.5;31.3;90.6;0.387;0.238443985;0.180869565;19314;0;0;0;0;11875;1004;1279;1364;1499;1091;1161;1141;1094;1085;1209;1402;1275;1069;856;712;563;685;487;21.53;2.6;24;NA;49.73
19-12-2020;42;46;23-12-2020;55;35;11;985;371;35;1;Los Rios;405835;14;0;158;Valdivia;14101;202.7;10.6;17.1;95.3;0.573;0.068424855;0.025946297;176774;1;0;0;0;115918;7997;10583;10193;13026;16306;14235;11809;10759;10574;10469;11371;9742;8016;6218;4730;3390;3950;652;173.59;2.71;1446;NA;36.56
23-10-2020;42;45;26-10-2020;14;10;7;897;24;14;1;Atacama;314709;3;0;159;Vallenar;3301;194.2;9.8;14.7;92.1;0.554;0.113604407;0.129090392;57009;0;1;0;0;33565;3101;4076;3873;3385;3350;4048;3713;3300;3184;3411;3673;3043;2587;2021;1594;1206;1365;595;7.89;2.68;686;NA;43.16
09-10-2020;119;123;13-10-2020;76;25;79;2874;271;171;1;Valparaiso;1960170;5;0;160;Valparaiso;5101;207.5;11;17.5;96.8;0.567;0.002484367;0.01293471;315732;1;0;0;1;203020;14086;17804;17156;22010;28199;25974;20907;18895;18109;17791;19172;18082;15195;12362;10181;7084;8844;655;1015.64;2.53;4282;NA;32.46
14-05-2020;14;15;15-05-2020;27;8;17;466;4;NA;1;La Araucania;1014343;9;0;161;Victoria;9211;126.9;8.8;26.6;86.7;0.428;0.272833655;0.125639482;35467;0;0;0;0;21913;1877;2245;2187;2499;2438;2408;2216;2077;2135;2300;2556;2115;1905;1459;1232;862;1075;493;28.09;2.66;43;NA;48.28
21-11-2020;21;23;23-11-2020;112;49;46;2030;24;6;1;La Araucania;1014343;9;0;162;Vilcun;9119;123;8.5;20;52;0.442;0.452168662;0.183190883;30766;0;0;0;0;18495;1542;2177;2171;2214;2057;1999;1737;1918;2018;1980;1825;1558;1276;1019;846;621;648;426;21.72;2.53;34;NA;56.97
12-11-2020;35;39;16-11-2020;114;55;47;2066;26;6;1;La Araucania;1014343;9;0;163;Villarrica;9120;151.9;9.2;19.7;79.6;0.511;0.342442049;0.069024578;59103;0;0;0;0;36491;3119;4064;3844;4022;3757;4102;3782;3613;3781;4065;3887;3243;2702;2176;1758;1213;1405;521;45.72;1.96;590;NA;47.92
09-10-2020;119;123;13-10-2020;76;25;79;2874;264;186;1;Valparaiso;1960170;5;0;164;Vina del Mar;5109;236.8;11.3;16.5;97.5;0.626;0;0.012511039;361371;0;0;0;0;228423;14735;18762;17980;24945;32934;28922;23289;20509;19447;19097;21610;20929;17752;14324;12209;9212;12327;680;2997.44;2.27;7934;NA;29.32
09-04-2020;14;18;13-04-2020;251;NA;179;3277;19;NA;1;Metropolitana;8125072;13;0;165;Vitacura;13132;1143.1;15;2;100;0.991;0;0.023425445;96774;0;0;0;0;54307;4634;5081;4930;5391;5759;5510;5560;5983;5843;5643;5272;5131;4516;4028;3922;2866;3755;992;3384.89;2.69;9330;6.26;29.23
24-07-2020;70;74;28-07-2020;605;182;1068;8832;38;59;1;Metropolitana;8125072;13;1;166;Vitacura_2;13132;1143.1;15;2;100;0.991;0;0.023425445;96774;0;0;0;0;54307;4634;5081;4930;5391;5759;5510;5560;5983;5843;5643;5272;5131;4516;4028;3922;2866;3755;992;3384.89;2.69;9330;6.26;29.23
